time,open,high,low,close,tick_volume
2024-12-03 08:00:00,1.40446,1.40494,1.404,1.40445,2463
2024-12-03 09:00:00,1.40445,1.40462,1.4034499999999999,1.40377,3062
2024-12-03 10:00:00,1.40378,1.40395,1.40103,1.40145,5086
2024-12-03 11:00:00,1.40145,1.40256,1.40091,1.4020000000000001,3017
2024-12-03 12:00:00,1.4019300000000001,1.40378,1.4018,1.4037600000000001,2117
2024-12-03 13:00:00,1.4037600000000001,1.40407,1.4034499999999999,1.40388,2054
2024-12-03 14:00:00,1.40388,1.40485,1.40326,1.40411,3247
2024-12-03 15:00:00,1.40409,1.40453,1.4031,1.40392,5239
2024-12-03 16:00:00,1.40392,1.40445,1.4026,1.40399,7381
2024-12-03 17:00:00,1.40399,1.40719,1.40399,1.40652,10625
2024-12-03 18:00:00,1.40652,1.40758,1.4062700000000001,1.40664,5638
2024-12-03 19:00:00,1.40663,1.40698,1.40503,1.40523,4003
2024-12-03 20:00:00,1.40522,1.40548,1.4047399999999999,1.4050500000000001,3500
2024-12-03 21:00:00,1.40504,1.40698,1.40504,1.40692,2726
2024-12-03 22:00:00,1.40694,1.40721,1.40603,1.4068,3401
2024-12-03 23:00:00,1.40678,1.4071500000000001,1.40641,1.40686,933
2024-12-04 00:00:00,1.40644,1.40678,1.4064,1.40649,246
2024-12-04 01:00:00,1.40648,1.4068100000000001,1.40642,1.40651,890
2024-12-04 02:00:00,1.4064999999999999,1.40778,1.40613,1.40735,1585
2024-12-04 03:00:00,1.40734,1.40797,1.40668,1.40713,2632
2024-12-04 04:00:00,1.40713,1.40781,1.40673,1.40768,2761
2024-12-04 05:00:00,1.40767,1.4083,1.40757,1.40792,2235
2024-12-04 06:00:00,1.40792,1.40807,1.40632,1.40639,2171
2024-12-04 07:00:00,1.4064,1.40665,1.40604,1.4062999999999999,1770
2024-12-04 08:00:00,1.4062999999999999,1.40675,1.40551,1.40579,2210
2024-12-04 09:00:00,1.4058,1.4066,1.40578,1.40609,3381
2024-12-04 10:00:00,1.4061,1.40784,1.40587,1.40778,4737
2024-12-04 11:00:00,1.4078,1.40819,1.40678,1.4068399999999999,4020
2024-12-04 12:00:00,1.40683,1.40694,1.4062299999999999,1.40659,3050
2024-12-04 13:00:00,1.4066,1.40689,1.40517,1.40548,3133
2024-12-04 14:00:00,1.4055,1.40659,1.4055,1.40649,3791
2024-12-04 15:00:00,1.4064999999999999,1.40683,1.4056,1.4066100000000001,6578
2024-12-04 16:00:00,1.4066100000000001,1.40738,1.40515,1.40671,6441
2024-12-04 17:00:00,1.40604,1.40797,1.4056,1.40638,10258
2024-12-04 18:00:00,1.40638,1.40782,1.40634,1.40692,5201
2024-12-04 19:00:00,1.40692,1.40732,1.40641,1.40656,3743
2024-12-04 20:00:00,1.40655,1.40701,1.40584,1.40686,2392
2024-12-04 21:00:00,1.40685,1.40725,1.40574,1.40638,5011
2024-12-04 22:00:00,1.40638,1.40653,1.40587,1.40636,3163
2024-12-04 23:00:00,1.40635,1.40748,1.40631,1.40719,915
2024-12-05 00:00:00,1.40683,1.4071799999999999,1.40669,1.40711,440
2024-12-05 01:00:00,1.40708,1.40738,1.40675,1.4072,618
2024-12-05 02:00:00,1.4072,1.40794,1.4071,1.40746,1844
2024-12-05 03:00:00,1.40743,1.4074900000000001,1.40692,1.40716,2207
2024-12-05 04:00:00,1.4071500000000001,1.40735,1.40655,1.40694,1669
2024-12-05 05:00:00,1.40693,1.40729,1.40678,1.40692,1102
2024-12-05 06:00:00,1.4069099999999999,1.40736,1.40682,1.40731,810
2024-12-05 07:00:00,1.40732,1.40736,1.40669,1.4068100000000001,1419
2024-12-05 08:00:00,1.4068,1.40734,1.40664,1.40697,1756
2024-12-05 09:00:00,1.40697,1.40723,1.40591,1.40607,2543
2024-12-05 10:00:00,1.40607,1.40647,1.40571,1.4060000000000001,3334
2024-12-05 11:00:00,1.40599,1.40617,1.40546,1.40604,2739
2024-12-05 12:00:00,1.40605,1.40608,1.40546,1.40578,2089
2024-12-05 13:00:00,1.4058,1.40603,1.4053,1.40543,1972
2024-12-05 14:00:00,1.40542,1.40632,1.40507,1.40552,3304
2024-12-05 15:00:00,1.4055,1.40557,1.40347,1.40351,6379
2024-12-05 16:00:00,1.40351,1.40369,1.40102,1.4026399999999999,7959
2024-12-05 17:00:00,1.40265,1.4047399999999999,1.4020299999999999,1.40344,7421
2024-12-05 18:00:00,1.4034499999999999,1.40397,1.4028,1.40365,4424
2024-12-05 19:00:00,1.40365,1.40601,1.4034200000000001,1.40526,3964
2024-12-05 20:00:00,1.40527,1.40665,1.40431,1.40457,3466
2024-12-05 21:00:00,1.40456,1.4046,1.4025,1.4028100000000001,2928
2024-12-05 22:00:00,1.4028100000000001,1.40323,1.40219,1.40275,1696
2024-12-05 23:00:00,1.40275,1.40283,1.40174,1.40214,886
2024-12-06 00:00:00,1.4021,1.40224,1.40178,1.4019599999999999,1051
2024-12-06 01:00:00,1.40201,1.40238,1.4018,1.40192,656
2024-12-06 02:00:00,1.40191,1.4032,1.40191,1.4031,1698
2024-12-06 03:00:00,1.40311,1.40427,1.40271,1.4041000000000001,2777
2024-12-06 04:00:00,1.4041000000000001,1.40431,1.40313,1.40336,2308
2024-12-06 05:00:00,1.40336,1.40338,1.4026399999999999,1.40302,1954
2024-12-06 06:00:00,1.40303,1.40368,1.40299,1.40338,1195
2024-12-06 07:00:00,1.40337,1.40356,1.4031,1.40331,923
2024-12-06 08:00:00,1.40332,1.40371,1.40297,1.40348,1693
2024-12-06 09:00:00,1.40346,1.40417,1.4031799999999999,1.40321,2298
2024-12-06 10:00:00,1.4032200000000001,1.40402,1.4026399999999999,1.40367,3174
2024-12-06 11:00:00,1.40368,1.40438,1.40359,1.40388,2567
2024-12-06 12:00:00,1.40388,1.40449,1.40364,1.40404,2319
2024-12-06 13:00:00,1.40402,1.40465,1.40384,1.4044400000000001,2021
2024-12-06 14:00:00,1.40445,1.40579,1.40425,1.40575,3396
2024-12-06 15:00:00,1.40574,1.40947,1.40464,1.40911,10397
2024-12-06 16:00:00,1.40911,1.41313,1.4086,1.41291,10796
2024-12-06 17:00:00,1.41291,1.41564,1.41285,1.41381,10382
2024-12-06 18:00:00,1.41381,1.415,1.41336,1.41451,7349
2024-12-06 19:00:00,1.41453,1.41573,1.41448,1.41543,4668
2024-12-06 20:00:00,1.41544,1.41573,1.41472,1.41564,2739
2024-12-06 21:00:00,1.41564,1.41645,1.41556,1.41592,2242
2024-12-06 22:00:00,1.41592,1.41626,1.4148399999999999,1.41502,3093
2024-12-06 23:00:00,1.415,1.41595,1.41498,1.41553,1508
2024-12-09 00:00:00,1.41557,1.41623,1.41535,1.41617,217
2024-12-09 01:00:00,1.41615,1.41634,1.41478,1.41478,824
2024-12-09 02:00:00,1.41479,1.41552,1.41478,1.41546,1716
2024-12-09 03:00:00,1.4154499999999999,1.4154499999999999,1.41477,1.41527,1915
2024-12-09 04:00:00,1.41528,1.41574,1.41473,1.41528,1528
2024-12-09 05:00:00,1.41527,1.41659,1.41512,1.41653,1534
2024-12-09 06:00:00,1.41653,1.41692,1.41634,1.41666,1226
2024-12-09 07:00:00,1.41666,1.41731,1.41645,1.41689,1102
2024-12-09 08:00:00,1.41688,1.41709,1.41662,1.41686,1621
2024-12-09 09:00:00,1.41686,1.41748,1.41547,1.41568,3841
2024-12-09 10:00:00,1.41567,1.4162,1.41462,1.41476,3433
2024-12-09 11:00:00,1.41476,1.41476,1.4136600000000001,1.41426,3120
2024-12-09 12:00:00,1.41424,1.41424,1.41327,1.41353,2387
2024-12-09 13:00:00,1.41353,1.41371,1.41293,1.4133499999999999,2299
2024-12-09 14:00:00,1.41334,1.41353,1.4121299999999999,1.41225,2425
2024-12-09 15:00:00,1.41229,1.41232,1.40929,1.41014,4662
2024-12-09 16:00:00,1.41014,1.41185,1.40992,1.41076,6028
2024-12-09 17:00:00,1.41077,1.41255,1.41039,1.41137,6531
2024-12-09 18:00:00,1.41136,1.41279,1.41133,1.41219,5001
2024-12-09 19:00:00,1.4122,1.41364,1.41189,1.4135900000000001,3297
2024-12-09 20:00:00,1.4135900000000001,1.4148399999999999,1.4135900000000001,1.41426,2981
2024-12-09 21:00:00,1.4142700000000001,1.41641,1.4142700000000001,1.41581,3154
2024-12-09 22:00:00,1.41582,1.41726,1.41561,1.41722,3327
2024-12-09 23:00:00,1.41717,1.41731,1.41663,1.41696,992
2024-12-10 00:00:00,1.41685,1.41696,1.4167,1.41695,110
2024-12-10 01:00:00,1.41692,1.4175200000000001,1.4169100000000001,1.4175,934
2024-12-10 02:00:00,1.41749,1.41754,1.41724,1.4172799999999999,1178
2024-12-10 03:00:00,1.41727,1.4185400000000001,1.4172500000000001,1.41746,1760
2024-12-10 04:00:00,1.41746,1.41818,1.41687,1.41808,2857
2024-12-10 05:00:00,1.41806,1.41897,1.41795,1.41821,2982
2024-12-10 06:00:00,1.4182000000000001,1.41838,1.4175499999999999,1.41828,1625
2024-12-10 07:00:00,1.41827,1.41836,1.41743,1.41757,2087
2024-12-10 08:00:00,1.41756,1.41764,1.4167100000000001,1.41673,1757
2024-12-10 09:00:00,1.41675,1.41856,1.4167,1.41845,2155
2024-12-10 10:00:00,1.41846,1.41947,1.4179,1.41828,2866
2024-12-10 11:00:00,1.41829,1.41853,1.41753,1.41763,3726
2024-12-10 12:00:00,1.41765,1.41772,1.41647,1.41662,3046
2024-12-10 13:00:00,1.41661,1.41715,1.4163299999999999,1.41641,2554
2024-12-10 14:00:00,1.4163999999999999,1.41754,1.41583,1.41598,2734
2024-12-10 15:00:00,1.41598,1.41689,1.4157600000000001,1.41627,4166
2024-12-10 16:00:00,1.41626,1.41853,1.41567,1.41802,5939
2024-12-10 17:00:00,1.41802,1.41939,1.4169,1.4169100000000001,7266
2024-12-10 18:00:00,1.4169100000000001,1.41709,1.41601,1.41614,4927
2024-12-10 19:00:00,1.41611,1.41696,1.41589,1.4167,3312
2024-12-10 20:00:00,1.4167,1.417,1.41562,1.4158,3001
2024-12-10 21:00:00,1.4158,1.41679,1.41555,1.41644,2009
2024-12-10 22:00:00,1.41644,1.41729,1.41625,1.4172799999999999,2833
2024-12-10 23:00:00,1.41729,1.41791,1.41707,1.41777,824
2024-12-11 00:00:00,1.4173,1.418,1.4173,1.41765,288
2024-12-11 01:00:00,1.41766,1.41768,1.4173200000000001,1.41748,730
2024-12-11 02:00:00,1.41748,1.41779,1.4169800000000001,1.41727,1171
2024-12-11 03:00:00,1.41729,1.41734,1.41647,1.41655,2207
2024-12-11 04:00:00,1.41654,1.41666,1.4159,1.41617,1852
2024-12-11 05:00:00,1.41617,1.4163700000000001,1.41593,1.4163299999999999,1420
2024-12-11 06:00:00,1.41634,1.41684,1.41614,1.41652,1119
2024-12-11 07:00:00,1.41652,1.41693,1.41635,1.4166400000000001,1238
2024-12-11 08:00:00,1.41663,1.41683,1.4163000000000001,1.41658,1341
2024-12-11 09:00:00,1.41658,1.4191,1.41634,1.41899,5488
2024-12-11 10:00:00,1.41897,1.41914,1.41776,1.41809,3502
2024-12-11 11:00:00,1.41809,1.41901,1.41767,1.41845,3702
2024-12-11 12:00:00,1.41845,1.41934,1.41845,1.41891,2918
2024-12-11 13:00:00,1.41891,1.41904,1.41803,1.41818,2464
2024-12-11 14:00:00,1.41817,1.41863,1.41716,1.41844,4045
2024-12-11 15:00:00,1.41843,1.4191799999999999,1.41586,1.4169100000000001,8556
2024-12-11 16:00:00,1.41692,1.41921,1.41244,1.41251,10360
2024-12-11 17:00:00,1.41246,1.41535,1.41194,1.4141,10357
2024-12-11 18:00:00,1.4141,1.41448,1.41227,1.41259,5739
2024-12-11 19:00:00,1.41257,1.4160599999999999,1.41232,1.41593,4335
2024-12-11 20:00:00,1.41592,1.41684,1.41467,1.4168,4917
2024-12-11 21:00:00,1.41682,1.41702,1.41528,1.41612,3801
2024-12-11 22:00:00,1.41612,1.4167100000000001,1.41566,1.41628,3297
2024-12-11 23:00:00,1.41628,1.41632,1.41575,1.41582,1139
2024-12-12 00:00:00,1.41564,1.41585,1.4154900000000001,1.4154900000000001,249
2024-12-12 01:00:00,1.41538,1.41581,1.41483,1.41487,794
2024-12-12 02:00:00,1.41486,1.41493,1.41357,1.4143,2897
2024-12-12 03:00:00,1.41432,1.4148800000000001,1.41421,1.41479,2496
2024-12-12 04:00:00,1.41478,1.41548,1.41463,1.41498,2090
2024-12-12 05:00:00,1.41497,1.41519,1.41453,1.41486,1863
2024-12-12 06:00:00,1.41485,1.41504,1.4146,1.41464,1141
2024-12-12 07:00:00,1.41463,1.4151799999999999,1.41442,1.41455,1703
2024-12-12 08:00:00,1.41455,1.41477,1.41419,1.41433,1741
2024-12-12 09:00:00,1.41432,1.4148,1.41348,1.41475,3313
2024-12-12 10:00:00,1.41478,1.41513,1.41311,1.4139300000000001,4582
2024-12-12 11:00:00,1.41394,1.41438,1.4132500000000001,1.41368,4055
2024-12-12 12:00:00,1.41368,1.41446,1.41334,1.4144,2878
2024-12-12 13:00:00,1.4144,1.41543,1.41387,1.41539,3924
2024-12-12 14:00:00,1.41538,1.4167399999999999,1.41538,1.41656,3595
2024-12-12 15:00:00,1.41657,1.41748,1.41614,1.4169100000000001,7670
2024-12-12 16:00:00,1.41688,1.41951,1.41619,1.41647,9404
2024-12-12 17:00:00,1.41643,1.41997,1.4162,1.41842,9204
2024-12-12 18:00:00,1.41841,1.41928,1.41772,1.41794,5702
2024-12-12 19:00:00,1.4179300000000001,1.41936,1.41686,1.41913,4355
2024-12-12 20:00:00,1.4191799999999999,1.41992,1.41858,1.41965,3784
2024-12-12 21:00:00,1.41967,1.4212,1.41882,1.42073,4089
2024-12-12 22:00:00,1.42073,1.4227,1.42035,1.42256,2816
2024-12-12 23:00:00,1.42256,1.4227699999999999,1.4211,1.42194,1329
2024-12-13 00:00:00,1.42164,1.4219300000000001,1.42097,1.42097,518
2024-12-13 01:00:00,1.42097,1.42244,1.42097,1.42156,1170
2024-12-13 02:00:00,1.42156,1.4224,1.42156,1.42215,2267
2024-12-13 03:00:00,1.4221599999999999,1.42392,1.42199,1.4234200000000001,3023
2024-12-13 04:00:00,1.42343,1.42398,1.4233500000000001,1.42386,2234
2024-12-13 05:00:00,1.42386,1.42404,1.4236,1.42402,1300
2024-12-13 06:00:00,1.42402,1.42435,1.42359,1.42364,1193
2024-12-13 07:00:00,1.42364,1.42438,1.42354,1.42356,1621
2024-12-13 08:00:00,1.42356,1.42394,1.42293,1.42298,1989
2024-12-13 09:00:00,1.42301,1.42382,1.42271,1.42325,3505
2024-12-13 10:00:00,1.42328,1.42367,1.42231,1.42263,3744
2024-12-13 11:00:00,1.42263,1.42305,1.42221,1.42226,3232
2024-12-13 12:00:00,1.42226,1.42273,1.422,1.42209,2878
2024-12-13 13:00:00,1.4221,1.4221599999999999,1.42161,1.4218600000000001,1919
2024-12-13 14:00:00,1.42187,1.42219,1.42092,1.42134,3212
2024-12-13 15:00:00,1.42133,1.4228100000000001,1.42116,1.42118,4772
2024-12-13 16:00:00,1.42118,1.4232,1.42095,1.42318,5567
2024-12-13 17:00:00,1.42319,1.42449,1.42319,1.42379,6427
2024-12-13 18:00:00,1.42378,1.4243299999999999,1.4227,1.42397,4465
2024-12-13 19:00:00,1.42398,1.42431,1.4230800000000001,1.42313,4632
2024-12-13 20:00:00,1.42312,1.4234,1.42231,1.42294,2888
2024-12-13 21:00:00,1.42295,1.42344,1.42245,1.42324,2039
2024-12-13 22:00:00,1.42323,1.42384,1.4228100000000001,1.42353,2207
2024-12-13 23:00:00,1.42353,1.42404,1.4231099999999999,1.42324,1337
2024-12-16 00:00:00,1.42289,1.4236,1.42278,1.42297,395
2024-12-16 01:00:00,1.42301,1.42332,1.42233,1.4226,869
2024-12-16 02:00:00,1.42263,1.42267,1.42177,1.42252,1783
2024-12-16 03:00:00,1.42253,1.42253,1.42175,1.42184,2448
2024-12-16 04:00:00,1.42187,1.42296,1.42167,1.42278,1906
2024-12-16 05:00:00,1.4227699999999999,1.42292,1.42243,1.42265,1172
2024-12-16 06:00:00,1.42262,1.42265,1.4219300000000001,1.42235,1136
2024-12-16 07:00:00,1.42235,1.42266,1.4221300000000001,1.42253,1328
2024-12-16 08:00:00,1.4225400000000001,1.42302,1.42229,1.42264,1434
2024-12-16 09:00:00,1.42265,1.42285,1.42203,1.42231,2371
2024-12-16 10:00:00,1.42232,1.42299,1.42191,1.42296,3667
2024-12-16 11:00:00,1.42294,1.42321,1.42232,1.4231,2758
2024-12-16 12:00:00,1.42309,1.42421,1.42287,1.42421,2191
2024-12-16 13:00:00,1.4242,1.4243700000000001,1.42395,1.42408,1989
2024-12-16 14:00:00,1.4240599999999999,1.4253,1.42405,1.4253,1908
2024-12-16 15:00:00,1.4253,1.42537,1.42417,1.4249800000000001,3740
2024-12-16 16:00:00,1.42497,1.42718,1.42438,1.42484,6335
2024-12-16 17:00:00,1.42483,1.42496,1.4222299999999999,1.42285,6397
2024-12-16 18:00:00,1.4228399999999999,1.42373,1.42258,1.4230800000000001,4425
2024-12-16 19:00:00,1.4231,1.42365,1.42249,1.4228100000000001,4409
2024-12-16 20:00:00,1.42282,1.42382,1.42251,1.42279,3012
2024-12-16 21:00:00,1.4228,1.42421,1.42244,1.4237,3179
2024-12-16 22:00:00,1.4237,1.42505,1.4237,1.42502,2542
2024-12-16 23:00:00,1.42503,1.42503,1.42397,1.42414,1033
2024-12-17 00:00:00,1.42371,1.4239600000000001,1.42352,1.42374,761
2024-12-17 01:00:00,1.42375,1.42392,1.4233500000000001,1.4234499999999999,723
2024-12-17 02:00:00,1.42346,1.42358,1.42317,1.4233500000000001,1867
2024-12-17 03:00:00,1.4233500000000001,1.42424,1.42331,1.42413,1583
2024-12-17 04:00:00,1.42413,1.42489,1.4241,1.42484,1587
2024-12-17 05:00:00,1.42482,1.42544,1.42462,1.42537,997
2024-12-17 06:00:00,1.42537,1.42599,1.42529,1.42595,848
2024-12-17 07:00:00,1.42596,1.42654,1.42578,1.42634,1658
2024-12-17 08:00:00,1.42635,1.42716,1.42619,1.42649,1839
2024-12-17 09:00:00,1.4264999999999999,1.42699,1.42575,1.42682,2902
2024-12-17 10:00:00,1.42683,1.42905,1.42676,1.42802,3580
2024-12-17 11:00:00,1.42802,1.42834,1.42766,1.42779,2864
2024-12-17 12:00:00,1.42776,1.42934,1.4276900000000001,1.42831,2745
2024-12-17 13:00:00,1.42832,1.42852,1.42757,1.42805,2888
2024-12-17 14:00:00,1.42804,1.42972,1.4276200000000001,1.42941,3375
2024-12-17 15:00:00,1.42944,1.4296,1.42702,1.42746,6069
2024-12-17 16:00:00,1.42746,1.42991,1.42707,1.42971,6251
2024-12-17 17:00:00,1.42971,1.43205,1.42943,1.43119,7690
2024-12-17 18:00:00,1.43119,1.43234,1.4308100000000001,1.43136,5848
2024-12-17 19:00:00,1.4313500000000001,1.43155,1.43055,1.4311,5244
2024-12-17 20:00:00,1.4311,1.43139,1.43038,1.43085,4045
2024-12-17 21:00:00,1.43084,1.4313,1.43054,1.43095,3157
2024-12-17 22:00:00,1.43096,1.43158,1.43095,1.43116,2050
2024-12-17 23:00:00,1.43116,1.43131,1.43046,1.4308100000000001,1158
2024-12-18 00:00:00,1.43073,1.43099,1.4307,1.43092,252
2024-12-18 01:00:00,1.43091,1.43119,1.43076,1.43099,714
2024-12-18 02:00:00,1.431,1.43134,1.43088,1.43105,1113
2024-12-18 03:00:00,1.43106,1.43156,1.43097,1.4314,1798
2024-12-18 04:00:00,1.4314,1.4322,1.43114,1.43181,1900
2024-12-18 05:00:00,1.43181,1.43238,1.43171,1.4323299999999999,1330
2024-12-18 06:00:00,1.43235,1.43293,1.43228,1.43258,1396
2024-12-18 07:00:00,1.43259,1.43289,1.4324,1.43255,1390
2024-12-18 08:00:00,1.43256,1.43277,1.4323299999999999,1.4324,1422
2024-12-18 09:00:00,1.43236,1.43313,1.43231,1.4329399999999999,2597
2024-12-18 10:00:00,1.4329399999999999,1.43306,1.4317199999999999,1.43217,3491
2024-12-18 11:00:00,1.43218,1.43319,1.43193,1.4329399999999999,2577
2024-12-18 12:00:00,1.43293,1.43307,1.43205,1.43214,2395
2024-12-18 13:00:00,1.43215,1.43263,1.43194,1.43262,2058
2024-12-18 14:00:00,1.43262,1.43269,1.4315,1.43157,2310
2024-12-18 15:00:00,1.43158,1.43175,1.43078,1.43123,3407
2024-12-18 16:00:00,1.43123,1.4319,1.43045,1.43109,5867
2024-12-18 17:00:00,1.4311,1.43279,1.43082,1.43239,6260
2024-12-18 18:00:00,1.4324,1.4337,1.43201,1.43366,4028
2024-12-18 19:00:00,1.43363,1.43392,1.4325,1.43329,3567
2024-12-18 20:00:00,1.43327,1.4336,1.43232,1.43237,3164
2024-12-18 21:00:00,1.43239,1.44249,1.43239,1.44164,15380
2024-12-18 22:00:00,1.44167,1.4444,1.44097,1.44339,13185
2024-12-18 23:00:00,1.4433799999999999,1.4448400000000001,1.44276,1.44444,4322
2024-12-19 00:00:00,1.4447,1.44481,1.44425,1.44451,187
2024-12-19 01:00:00,1.4445299999999999,1.44671,1.4436499999999999,1.44617,2636
2024-12-19 02:00:00,1.44614,1.44614,1.4445700000000001,1.44494,4116
2024-12-19 03:00:00,1.44492,1.44513,1.44298,1.44305,3944
2024-12-19 04:00:00,1.44303,1.44434,1.44275,1.44333,3783
2024-12-19 05:00:00,1.4433099999999999,1.44368,1.44288,1.44334,2521
2024-12-19 06:00:00,1.44333,1.44397,1.4432800000000001,1.4436200000000001,1576
2024-12-19 07:00:00,1.44364,1.4443,1.44347,1.44393,1849
2024-12-19 08:00:00,1.44394,1.44415,1.44272,1.44316,3033
2024-12-19 09:00:00,1.44313,1.4432800000000001,1.44189,1.44217,4218
2024-12-19 10:00:00,1.44218,1.44225,1.43941,1.4396200000000001,5308
2024-12-19 11:00:00,1.43964,1.4399600000000001,1.43889,1.43933,4178
2024-12-19 12:00:00,1.43934,1.4397199999999999,1.43805,1.43915,3449
2024-12-19 13:00:00,1.43916,1.43916,1.4381599999999999,1.43827,2900
2024-12-19 14:00:00,1.43825,1.43861,1.43635,1.43747,5155
2024-12-19 15:00:00,1.43747,1.4383,1.43576,1.43771,8258
2024-12-19 16:00:00,1.43773,1.4378,1.4344000000000001,1.43551,8354
2024-12-19 17:00:00,1.43545,1.43766,1.43505,1.4369,9644
2024-12-19 18:00:00,1.4369,1.43708,1.4346999999999999,1.43681,8570
2024-12-19 19:00:00,1.43679,1.4380600000000001,1.43645,1.43792,5154
2024-12-19 20:00:00,1.43792,1.4387699999999999,1.43659,1.43676,5201
2024-12-19 21:00:00,1.43676,1.43899,1.43647,1.43878,5142
2024-12-19 22:00:00,1.43878,1.43924,1.43784,1.43923,4389
2024-12-19 23:00:00,1.43917,1.44,1.43894,1.43985,1640
2024-12-20 00:00:00,1.43923,1.43967,1.43859,1.43943,522
2024-12-20 01:00:00,1.43944,1.44042,1.43936,1.4402599999999999,1143
2024-12-20 02:00:00,1.44027,1.44195,1.4397199999999999,1.44184,2691
2024-12-20 03:00:00,1.44185,1.44212,1.44105,1.44195,3350
2024-12-20 04:00:00,1.44196,1.44303,1.44184,1.44251,3592
2024-12-20 05:00:00,1.4425,1.44355,1.44235,1.44312,2142
2024-12-20 06:00:00,1.4431,1.4431,1.44225,1.4423,1645
2024-12-20 07:00:00,1.44229,1.44257,1.44153,1.4415499999999999,2004
2024-12-20 08:00:00,1.4415499999999999,1.442,1.4393500000000001,1.43946,4003
2024-12-20 09:00:00,1.43945,1.43968,1.43826,1.43845,4032
2024-12-20 10:00:00,1.43845,1.4387699999999999,1.43704,1.43873,5667
2024-12-20 11:00:00,1.4387400000000001,1.43898,1.43836,1.4386700000000001,3885
2024-12-20 12:00:00,1.43868,1.4387699999999999,1.43807,1.4380899999999999,2913
2024-12-20 13:00:00,1.4381,1.4392,1.4381,1.43893,2858
2024-12-20 14:00:00,1.43892,1.43924,1.4369399999999999,1.43804,3681
2024-12-20 15:00:00,1.43805,1.43936,1.43756,1.43929,6862
2024-12-20 16:00:00,1.4393,1.4396900000000001,1.43693,1.43717,7918
2024-12-20 17:00:00,1.43708,1.4379,1.43558,1.4368,10601
2024-12-20 18:00:00,1.43681,1.43791,1.43515,1.4352800000000001,7539
2024-12-20 19:00:00,1.4352800000000001,1.4353,1.43349,1.43494,6089
2024-12-20 20:00:00,1.43494,1.43664,1.43494,1.4365299999999999,4053
2024-12-20 21:00:00,1.43656,1.4368,1.43498,1.43529,3540
2024-12-20 22:00:00,1.4353,1.4372099999999999,1.43524,1.43705,3656
2024-12-20 23:00:00,1.43705,1.43759,1.43655,1.43706,1948
2024-12-23 00:00:00,1.43651,1.43693,1.43651,1.4367,165
2024-12-23 01:00:00,1.43675,1.43683,1.43575,1.43601,1325
2024-12-23 02:00:00,1.436,1.43641,1.4359199999999999,1.43605,1737
2024-12-23 03:00:00,1.43604,1.43643,1.4352800000000001,1.43546,2051
2024-12-23 04:00:00,1.43545,1.43558,1.43488,1.4351,1808
2024-12-23 05:00:00,1.4351,1.43588,1.43502,1.4358,1238
2024-12-23 06:00:00,1.43581,1.43605,1.43526,1.43539,1043
2024-12-23 07:00:00,1.43539,1.43615,1.43521,1.43603,1293
2024-12-23 08:00:00,1.43602,1.43669,1.43591,1.43652,1337
2024-12-23 09:00:00,1.43651,1.43891,1.43651,1.43883,1811
2024-12-23 10:00:00,1.43883,1.43896,1.43759,1.43769,2840
2024-12-23 11:00:00,1.4377,1.43833,1.43649,1.43831,3066
2024-12-23 12:00:00,1.43829,1.44017,1.4382,1.43994,2604
2024-12-23 13:00:00,1.43995,1.44067,1.43921,1.4401,2182
2024-12-23 14:00:00,1.4401,1.4415,1.44002,1.44042,2867
2024-12-23 15:00:00,1.44042,1.44326,1.44036,1.44315,4602
2024-12-23 16:00:00,1.44315,1.4433099999999999,1.44108,1.4417,4851
2024-12-23 17:00:00,1.44169,1.44308,1.4408,1.4412099999999999,6794
2024-12-23 18:00:00,1.4412099999999999,1.44183,1.4387400000000001,1.4388,5130
2024-12-23 19:00:00,1.4388,1.43893,1.4371399999999999,1.43772,5794
2024-12-23 20:00:00,1.43773,1.43801,1.43686,1.43754,3966
2024-12-23 21:00:00,1.43754,1.438,1.43705,1.43723,3661
2024-12-23 22:00:00,1.43723,1.43773,1.43669,1.43705,2645
2024-12-23 23:00:00,1.43707,1.43731,1.43682,1.43708,1420
2024-12-24 00:00:00,1.43652,1.43732,1.43641,1.43732,509
2024-12-24 01:00:00,1.4373,1.4374799999999999,1.43672,1.43741,715
2024-12-24 02:00:00,1.43741,1.43839,1.43729,1.43823,862
2024-12-24 03:00:00,1.43823,1.43832,1.43774,1.43787,1825
2024-12-24 04:00:00,1.4378600000000001,1.43845,1.43732,1.43818,1706
2024-12-24 05:00:00,1.43818,1.43868,1.43803,1.43829,1332
2024-12-24 06:00:00,1.43829,1.43855,1.43798,1.43808,803
2024-12-24 07:00:00,1.43808,1.43865,1.43804,1.43835,713
2024-12-24 08:00:00,1.43835,1.43859,1.43781,1.43789,950
2024-12-24 09:00:00,1.43788,1.4384299999999999,1.43726,1.43834,1188
2024-12-24 10:00:00,1.43834,1.43942,1.43812,1.43921,1752
2024-12-24 11:00:00,1.43921,1.43988,1.43911,1.4396,1242
2024-12-24 12:00:00,1.43959,1.43998,1.43949,1.43961,1382
2024-12-24 13:00:00,1.4396200000000001,1.44042,1.43941,1.4403000000000001,1667
2024-12-24 14:00:00,1.44029,1.44183,1.44027,1.44168,2138
2024-12-24 15:00:00,1.44167,1.442,1.43871,1.43873,3194
2024-12-24 16:00:00,1.43873,1.43884,1.4363000000000001,1.4380899999999999,5353
2024-12-24 17:00:00,1.4381,1.43881,1.43768,1.43815,3901
2024-12-24 18:00:00,1.43814,1.43923,1.43723,1.43846,3399
2024-12-24 19:00:00,1.4384700000000001,1.43898,1.43744,1.43756,2576
2024-12-24 20:00:00,1.4375499999999999,1.4375499999999999,1.4363000000000001,1.4363299999999999,1260
2024-12-24 21:00:00,1.4363299999999999,1.4367,1.43549,1.4365299999999999,1678
2024-12-24 22:00:00,1.4365299999999999,1.4367,1.43476,1.43506,434
2024-12-24 23:00:00,1.43506,1.43593,1.43461,1.43558,549
2024-12-26 00:00:00,1.43612,1.43646,1.43559,1.43573,107
2024-12-26 01:00:00,1.4357,1.43641,1.43493,1.4353799999999999,894
2024-12-26 02:00:00,1.4354,1.43631,1.43509,1.4356499999999999,1068
2024-12-26 03:00:00,1.43567,1.43589,1.4353099999999999,1.4357,1642
2024-12-26 04:00:00,1.43576,1.43587,1.4353799999999999,1.43555,1219
2024-12-26 05:00:00,1.43554,1.43566,1.43498,1.43539,1030
2024-12-26 06:00:00,1.43539,1.43644,1.43537,1.43636,1170
2024-12-26 07:00:00,1.43637,1.4368,1.43606,1.43676,1182
2024-12-26 08:00:00,1.43676,1.43771,1.43659,1.43754,956
2024-12-26 09:00:00,1.43754,1.43842,1.43734,1.43815,1429
2024-12-26 10:00:00,1.4381599999999999,1.43987,1.4380899999999999,1.43985,1529
2024-12-26 11:00:00,1.4398900000000001,1.44044,1.43921,1.43945,1734
2024-12-26 12:00:00,1.43945,1.43947,1.4380899999999999,1.43827,1179
2024-12-26 13:00:00,1.43826,1.4386700000000001,1.4381300000000001,1.43824,1086
2024-12-26 14:00:00,1.43823,1.44029,1.43823,1.43979,1763
2024-12-26 15:00:00,1.43979,1.43979,1.43868,1.43951,2614
2024-12-26 16:00:00,1.4395,1.44059,1.43915,1.44018,3779
2024-12-26 17:00:00,1.44019,1.44158,1.44017,1.44113,4123
2024-12-26 18:00:00,1.44112,1.4413,1.44047,1.4405000000000001,2474
2024-12-26 19:00:00,1.44051,1.44197,1.44013,1.4417900000000001,2182
2024-12-26 20:00:00,1.44178,1.44181,1.44039,1.44133,3017
2024-12-26 21:00:00,1.44133,1.44202,1.4411800000000001,1.4415499999999999,2412
2024-12-26 22:00:00,1.44156,1.4418,1.44122,1.44125,1421
2024-12-26 23:00:00,1.44124,1.44125,1.44054,1.44056,538
2024-12-27 00:00:00,1.44025,1.4408400000000001,1.4401,1.4405299999999999,620
2024-12-27 01:00:00,1.44052,1.44119,1.4405000000000001,1.44096,726
2024-12-27 02:00:00,1.44096,1.4412,1.4405299999999999,1.441,1146
2024-12-27 03:00:00,1.44101,1.44156,1.44081,1.44127,1829
2024-12-27 04:00:00,1.44126,1.44151,1.44079,1.4409399999999999,1171
2024-12-27 05:00:00,1.4409399999999999,1.44109,1.44074,1.44078,1000
2024-12-27 06:00:00,1.44078,1.44106,1.44067,1.44092,726
2024-12-27 07:00:00,1.44093,1.44104,1.44067,1.44089,1062
2024-12-27 08:00:00,1.4409,1.44096,1.44027,1.44035,1558
2024-12-27 09:00:00,1.44036,1.44104,1.44029,1.44048,1847
2024-12-27 10:00:00,1.44049,1.44077,1.43953,1.43954,2879
2024-12-27 11:00:00,1.43954,1.4404,1.43954,1.4403000000000001,2086
2024-12-27 12:00:00,1.4403000000000001,1.4411399999999999,1.44011,1.4402599999999999,1990
2024-12-27 13:00:00,1.44024,1.44075,1.43895,1.43907,2059
2024-12-27 14:00:00,1.4390800000000001,1.43923,1.43801,1.43807,2165
2024-12-27 15:00:00,1.43807,1.43966,1.4374500000000001,1.43939,3330
2024-12-27 16:00:00,1.43939,1.44069,1.43913,1.44063,4247
2024-12-27 17:00:00,1.44064,1.44215,1.44001,1.4408400000000001,5453
2024-12-27 18:00:00,1.4408400000000001,1.44348,1.44074,1.44348,3804
2024-12-27 19:00:00,1.44349,1.44492,1.44336,1.44369,5417
2024-12-27 20:00:00,1.44372,1.44372,1.4422,1.44225,2833
2024-12-27 21:00:00,1.44224,1.44251,1.44082,1.44108,2757
2024-12-27 22:00:00,1.44108,1.4420899999999999,1.44107,1.44165,2120
2024-12-27 23:00:00,1.44166,1.44195,1.44076,1.4409399999999999,1323
2024-12-30 00:00:00,1.44104,1.4414,1.441,1.44138,168
2024-12-30 01:00:00,1.44139,1.44139,1.44008,1.4402599999999999,942
2024-12-30 02:00:00,1.44024,1.44074,1.44009,1.44024,763
2024-12-30 03:00:00,1.44025,1.4405000000000001,1.43984,1.43995,825
2024-12-30 04:00:00,1.43994,1.44019,1.4398,1.43998,1070
2024-12-30 05:00:00,1.43998,1.44018,1.43967,1.43968,1347
2024-12-30 06:00:00,1.4397,1.4399899999999999,1.4396499999999999,1.43994,949
2024-12-30 07:00:00,1.4399899999999999,1.44003,1.43916,1.43929,1231
2024-12-30 08:00:00,1.4393,1.4393,1.43851,1.43896,1260
2024-12-30 09:00:00,1.43903,1.44,1.43902,1.43981,2168
2024-12-30 10:00:00,1.43982,1.44096,1.43966,1.44093,2831
2024-12-30 11:00:00,1.44093,1.44104,1.4390100000000001,1.43916,2736
2024-12-30 12:00:00,1.43916,1.43924,1.43791,1.4386,2744
2024-12-30 13:00:00,1.4386,1.43865,1.43735,1.43778,2453
2024-12-30 14:00:00,1.43778,1.43894,1.4372500000000001,1.43864,2883
2024-12-30 15:00:00,1.43864,1.4408,1.43852,1.4408,4840
2024-12-30 16:00:00,1.44081,1.44327,1.43966,1.44119,7499
2024-12-30 17:00:00,1.44123,1.44229,1.43857,1.4386700000000001,8608
2024-12-30 18:00:00,1.4386700000000001,1.4393500000000001,1.43742,1.43757,5776
2024-12-30 19:00:00,1.43756,1.4376,1.43552,1.43588,3776
2024-12-30 20:00:00,1.43589,1.43613,1.43444,1.43488,3409
2024-12-30 21:00:00,1.43488,1.43613,1.43478,1.43588,2755
2024-12-30 22:00:00,1.43588,1.4363299999999999,1.43516,1.43567,3309
2024-12-30 23:00:00,1.43573,1.43573,1.4349,1.43521,1570
2024-12-31 00:00:00,1.43537,1.43537,1.43478,1.43489,812
2024-12-31 01:00:00,1.43489,1.43553,1.43489,1.4350399999999999,527
2024-12-31 02:00:00,1.43503,1.43618,1.4350100000000001,1.43555,1022
2024-12-31 03:00:00,1.43554,1.43585,1.43417,1.43431,2065
2024-12-31 04:00:00,1.43432,1.43444,1.43381,1.43408,1372
2024-12-31 05:00:00,1.4340899999999999,1.43517,1.43407,1.43493,1283
2024-12-31 06:00:00,1.43494,1.43506,1.43451,1.43502,733
2024-12-31 07:00:00,1.43499,1.43505,1.43446,1.43484,1100
2024-12-31 08:00:00,1.43483,1.4354,1.43469,1.43493,1279
2024-12-31 09:00:00,1.43496,1.43702,1.43495,1.43677,2234
2024-12-31 10:00:00,1.43678,1.43793,1.43675,1.43695,2863
2024-12-31 11:00:00,1.4369399999999999,1.4371399999999999,1.43647,1.4369399999999999,1911
2024-12-31 12:00:00,1.43695,1.4378600000000001,1.43661,1.43759,2398
2024-12-31 13:00:00,1.43759,1.43827,1.43704,1.43824,1902
2024-12-31 14:00:00,1.43823,1.43888,1.4377900000000001,1.43858,2650
2024-12-31 15:00:00,1.43863,1.4408,1.43833,1.44024,4618
2024-12-31 16:00:00,1.44024,1.44058,1.43776,1.4380899999999999,7370
2024-12-31 17:00:00,1.43811,1.4390399999999999,1.4363299999999999,1.43792,8754
2024-12-31 18:00:00,1.43792,1.44042,1.43757,1.4402300000000001,6514
2024-12-31 19:00:00,1.44022,1.44092,1.43878,1.43898,5394
2024-12-31 20:00:00,1.43897,1.43955,1.43803,1.43885,4159
2024-12-31 21:00:00,1.43887,1.43896,1.4374,1.4382,2701
2024-12-31 22:00:00,1.4382,1.43826,1.43734,1.43765,1855
2024-12-31 23:00:00,1.43765,1.43821,1.43717,1.43812,1257
2025-01-02 00:00:00,1.43833,1.43849,1.43795,1.43811,377
2025-01-02 01:00:00,1.43789,1.43804,1.4371399999999999,1.4375,1873
2025-01-02 02:00:00,1.4375,1.43858,1.43736,1.43787,1069
2025-01-02 03:00:00,1.43783,1.43812,1.43689,1.43729,1763
2025-01-02 04:00:00,1.43728,1.4377,1.43709,1.43716,1397
2025-01-02 05:00:00,1.43717,1.43783,1.43717,1.43762,1187
2025-01-02 06:00:00,1.43761,1.43773,1.43729,1.43762,1243
2025-01-02 07:00:00,1.43759,1.43798,1.43706,1.43707,1173
2025-01-02 08:00:00,1.43706,1.43791,1.43705,1.43781,879
2025-01-02 09:00:00,1.43781,1.44076,1.43765,1.44046,2152
2025-01-02 10:00:00,1.44046,1.4422,1.44002,1.44104,3275
2025-01-02 11:00:00,1.44103,1.44159,1.4403000000000001,1.4414500000000001,3460
2025-01-02 12:00:00,1.44144,1.44284,1.44097,1.44252,3477
2025-01-02 13:00:00,1.44251,1.44279,1.44162,1.4418,2927
2025-01-02 14:00:00,1.4418,1.44271,1.44164,1.44225,3076
2025-01-02 15:00:00,1.44225,1.44315,1.4414,1.44211,4071
2025-01-02 16:00:00,1.4421,1.44348,1.4419,1.44303,5883
2025-01-02 17:00:00,1.4430100000000001,1.44388,1.44203,1.4422,8706
2025-01-02 18:00:00,1.44228,1.4441899999999999,1.4420600000000001,1.44228,8649
2025-01-02 19:00:00,1.44228,1.44242,1.4392,1.44027,6938
2025-01-02 20:00:00,1.44024,1.442,1.43997,1.44081,4785
2025-01-02 21:00:00,1.4408,1.44174,1.44003,1.44174,4159
2025-01-02 22:00:00,1.44174,1.4417499999999999,1.4396200000000001,1.44009,2536
2025-01-02 23:00:00,1.4401,1.44052,1.43982,1.44016,1117
2025-01-03 00:00:00,1.44019,1.441,1.43974,1.44037,1333
2025-01-03 01:00:00,1.44034,1.44069,1.44008,1.44044,667
2025-01-03 02:00:00,1.44043,1.44045,1.43923,1.43927,1865
2025-01-03 03:00:00,1.4392800000000001,1.43958,1.4389,1.43911,1853
2025-01-03 04:00:00,1.43912,1.43923,1.43835,1.43862,1621
2025-01-03 05:00:00,1.43864,1.43872,1.43829,1.43839,1035
2025-01-03 06:00:00,1.4384000000000001,1.43917,1.4383,1.4389,789
2025-01-03 07:00:00,1.4389,1.43951,1.43831,1.43922,1695
2025-01-03 08:00:00,1.43922,1.4393099999999999,1.4384299999999999,1.43855,1388
2025-01-03 09:00:00,1.43862,1.44031,1.43861,1.4398,4359
2025-01-03 10:00:00,1.4398,1.43995,1.43872,1.43994,3937
2025-01-03 11:00:00,1.43995,1.4399600000000001,1.43881,1.43899,3022
2025-01-03 12:00:00,1.43899,1.44037,1.43888,1.44018,3280
2025-01-03 13:00:00,1.44019,1.44046,1.43918,1.43927,2767
2025-01-03 14:00:00,1.4392800000000001,1.44035,1.43919,1.4403299999999999,2530
2025-01-03 15:00:00,1.44034,1.44192,1.44032,1.44136,3457
2025-01-03 16:00:00,1.44136,1.44261,1.44088,1.44202,4843
2025-01-03 17:00:00,1.44224,1.4454,1.44224,1.4435799999999999,8737
2025-01-03 18:00:00,1.44361,1.44618,1.4433099999999999,1.44564,5233
2025-01-03 19:00:00,1.44565,1.44602,1.4442599999999999,1.44568,3742
2025-01-03 20:00:00,1.44569,1.4463300000000001,1.44535,1.44588,2552
2025-01-03 21:00:00,1.44589,1.44602,1.4445700000000001,1.44481,2768
2025-01-03 22:00:00,1.44482,1.44498,1.44395,1.44462,2753
2025-01-03 23:00:00,1.44462,1.44495,1.44402,1.44467,1326
2025-01-06 00:00:00,1.44429,1.4448400000000001,1.44415,1.44477,350
2025-01-06 01:00:00,1.44476,1.44489,1.44357,1.44387,1108
2025-01-06 02:00:00,1.44386,1.44445,1.44314,1.44326,2482
2025-01-06 03:00:00,1.44326,1.4435,1.43973,1.44001,3287
2025-01-06 04:00:00,1.44,1.44064,1.4388,1.43964,2944
2025-01-06 05:00:00,1.43964,1.44061,1.43879,1.44039,1921
2025-01-06 06:00:00,1.44039,1.44063,1.44008,1.44035,1315
2025-01-06 07:00:00,1.44034,1.44042,1.43885,1.43893,1479
2025-01-06 08:00:00,1.43893,1.43993,1.43891,1.43973,1817
2025-01-06 09:00:00,1.43971,1.43982,1.4385,1.43899,2949
2025-01-06 10:00:00,1.43898,1.43942,1.43584,1.43616,4121
2025-01-06 11:00:00,1.43616,1.43839,1.43608,1.4374,4800
2025-01-06 12:00:00,1.4374,1.43803,1.43674,1.43726,2991
2025-01-06 13:00:00,1.43732,1.43797,1.43006,1.4301300000000001,10870
2025-01-06 14:00:00,1.43014,1.4326699999999999,1.42992,1.43166,6531
2025-01-06 15:00:00,1.4316499999999999,1.43171,1.43028,1.4304999999999999,7380
2025-01-06 16:00:00,1.43049,1.43601,1.42794,1.4331,13837
2025-01-06 17:00:00,1.43309,1.43726,1.43227,1.4361,11331
2025-01-06 18:00:00,1.43607,1.43788,1.43549,1.43603,5936
2025-01-06 19:00:00,1.43603,1.43753,1.436,1.43638,4153
2025-01-06 20:00:00,1.43636,1.43732,1.43598,1.4369,3912
2025-01-06 21:00:00,1.43689,1.43719,1.43362,1.43368,3858
2025-01-06 22:00:00,1.43369,1.43387,1.43306,1.4333,2557
2025-01-06 23:00:00,1.43332,1.43332,1.4328,1.43299,773
2025-01-07 00:00:00,1.43282,1.4331800000000001,1.43282,1.4331800000000001,214
2025-01-07 01:00:00,1.4331800000000001,1.43419,1.43301,1.43414,670
2025-01-07 02:00:00,1.43412,1.43476,1.43378,1.43388,1748
2025-01-07 03:00:00,1.43393,1.43497,1.43343,1.43358,2772
2025-01-07 04:00:00,1.43357,1.43371,1.43306,1.4333,2056
2025-01-07 05:00:00,1.43329,1.4335499999999999,1.4322599999999999,1.43228,1365
2025-01-07 06:00:00,1.43229,1.43243,1.43185,1.43228,1164
2025-01-07 07:00:00,1.43228,1.43239,1.43116,1.43148,1728
2025-01-07 08:00:00,1.43149,1.43217,1.4310800000000001,1.4319899999999999,1586
2025-01-07 09:00:00,1.43197,1.4321,1.43072,1.43072,3929
2025-01-07 10:00:00,1.43072,1.43184,1.4304000000000001,1.43091,4330
2025-01-07 11:00:00,1.43093,1.4311,1.43017,1.43022,3554
2025-01-07 12:00:00,1.43021,1.4307400000000001,1.42975,1.43053,3312
2025-01-07 13:00:00,1.43052,1.43174,1.43034,1.43158,2475
2025-01-07 14:00:00,1.43156,1.43231,1.4312,1.43173,2935
2025-01-07 15:00:00,1.4317,1.43211,1.43003,1.43208,4265
2025-01-07 16:00:00,1.43208,1.43366,1.43202,1.43277,5923
2025-01-07 17:00:00,1.43316,1.43655,1.43316,1.4344700000000001,10848
2025-01-07 18:00:00,1.4344700000000001,1.43593,1.43234,1.43407,8677
2025-01-07 19:00:00,1.43408,1.43486,1.43168,1.4344299999999999,7956
2025-01-07 20:00:00,1.43441,1.43523,1.4338,1.43497,4824
2025-01-07 21:00:00,1.43498,1.43545,1.43404,1.4346999999999999,3929
2025-01-07 22:00:00,1.43469,1.43636,1.43459,1.43594,3208
2025-01-07 23:00:00,1.43594,1.4368400000000001,1.4356,1.43676,1077
2025-01-08 00:00:00,1.43629,1.43672,1.43619,1.43659,264
2025-01-08 01:00:00,1.43664,1.43674,1.43605,1.43656,745
2025-01-08 02:00:00,1.43655,1.43656,1.4351099999999999,1.43514,2520
2025-01-08 03:00:00,1.43515,1.4357,1.43478,1.4349,2671
2025-01-08 04:00:00,1.43488,1.43502,1.43444,1.43458,1450
2025-01-08 05:00:00,1.43458,1.4352,1.43444,1.4350100000000001,1187
2025-01-08 06:00:00,1.4350100000000001,1.43521,1.43472,1.4350399999999999,868
2025-01-08 07:00:00,1.43503,1.43521,1.43421,1.43425,1466
2025-01-08 08:00:00,1.43424,1.43505,1.43391,1.43488,1453
2025-01-08 09:00:00,1.43489,1.43642,1.4347699999999999,1.43604,3556
2025-01-08 10:00:00,1.43604,1.43674,1.43498,1.43665,5350
2025-01-08 11:00:00,1.43665,1.43693,1.43594,1.4364,4004
2025-01-08 12:00:00,1.43641,1.43766,1.43622,1.43708,3294
2025-01-08 13:00:00,1.43713,1.44097,1.43698,1.43903,6711
2025-01-08 14:00:00,1.43903,1.44037,1.43824,1.43888,5236
2025-01-08 15:00:00,1.43888,1.44021,1.438,1.43948,8467
2025-01-08 16:00:00,1.43946,1.44065,1.43876,1.4404,8553
2025-01-08 17:00:00,1.44043,1.4405000000000001,1.4385,1.43869,8840
2025-01-08 18:00:00,1.43869,1.43966,1.43753,1.43766,6223
2025-01-08 19:00:00,1.43767,1.43975,1.4374799999999999,1.43905,5262
2025-01-08 20:00:00,1.43905,1.4393500000000001,1.43796,1.43903,5745
2025-01-08 21:00:00,1.4390399999999999,1.4392800000000001,1.4377,1.43882,5089
2025-01-08 22:00:00,1.43881,1.43925,1.43762,1.43824,3977
2025-01-08 23:00:00,1.43825,1.43825,1.43715,1.43729,1636
2025-01-09 00:00:00,1.4374500000000001,1.43774,1.4371800000000001,1.43735,1171
2025-01-09 01:00:00,1.43738,1.43793,1.43727,1.43771,753
2025-01-09 02:00:00,1.4377,1.4386,1.43749,1.43804,1722
2025-01-09 03:00:00,1.43801,1.43805,1.43737,1.4377499999999999,2341
2025-01-09 04:00:00,1.43774,1.43776,1.43711,1.43717,1715
2025-01-09 05:00:00,1.4371800000000001,1.43767,1.43649,1.43767,1294
2025-01-09 06:00:00,1.43772,1.43811,1.4375200000000001,1.43773,1287
2025-01-09 07:00:00,1.43773,1.4379,1.43717,1.43738,1725
2025-01-09 08:00:00,1.43738,1.43819,1.4371,1.43769,2207
2025-01-09 09:00:00,1.43769,1.44013,1.43767,1.43997,3210
2025-01-09 10:00:00,1.4399600000000001,1.44048,1.43798,1.43842,4768
2025-01-09 11:00:00,1.43842,1.4386999999999999,1.43771,1.43846,4130
2025-01-09 12:00:00,1.43846,1.43896,1.4380600000000001,1.43852,2883
2025-01-09 13:00:00,1.43855,1.4397,1.43844,1.4396200000000001,2521
2025-01-09 14:00:00,1.4396200000000001,1.43986,1.43898,1.43919,2868
2025-01-09 15:00:00,1.43919,1.43963,1.43856,1.4395,3722
2025-01-09 16:00:00,1.43951,1.44041,1.4388,1.44002,3344
2025-01-09 17:00:00,1.44001,1.44009,1.43876,1.4398,3587
2025-01-09 18:00:00,1.43977,1.44038,1.4395,1.43952,2962
2025-01-09 19:00:00,1.43952,1.44007,1.4392,1.43958,2603
2025-01-09 20:00:00,1.4396,1.43998,1.43876,1.43915,1850
2025-01-09 21:00:00,1.43914,1.43948,1.439,1.43921,1727
2025-01-09 22:00:00,1.43919,1.43926,1.43878,1.43882,1178
2025-01-09 23:00:00,1.43885,1.43959,1.43878,1.4392800000000001,991
2025-01-10 00:00:00,1.43927,1.4396900000000001,1.43924,1.4396499999999999,375
2025-01-10 01:00:00,1.4396499999999999,1.4402,1.43934,1.44018,444
2025-01-10 02:00:00,1.44018,1.44019,1.4396900000000001,1.43991,1559
2025-01-10 03:00:00,1.4399,1.44027,1.43956,1.4401,2216
2025-01-10 04:00:00,1.4401,1.44072,1.44,1.44058,1465
2025-01-10 05:00:00,1.44058,1.44122,1.44058,1.44113,1103
2025-01-10 06:00:00,1.4411399999999999,1.44129,1.44082,1.4412,807
2025-01-10 07:00:00,1.4412,1.44177,1.44074,1.44168,1521
2025-01-10 08:00:00,1.44167,1.4422,1.44156,1.44198,1804
2025-01-10 09:00:00,1.442,1.442,1.4405299999999999,1.4405299999999999,2919
2025-01-10 10:00:00,1.44051,1.44112,1.43948,1.44109,3834
2025-01-10 11:00:00,1.44109,1.4417200000000001,1.44077,1.44103,3342
2025-01-10 12:00:00,1.44103,1.44157,1.4405000000000001,1.44075,3182
2025-01-10 13:00:00,1.44075,1.44103,1.44001,1.44088,2702
2025-01-10 14:00:00,1.4408699999999999,1.44124,1.44029,1.4403000000000001,3122
2025-01-10 15:00:00,1.4403000000000001,1.44369,1.43921,1.44029,10909
2025-01-10 16:00:00,1.44029,1.44195,1.4375200000000001,1.4393,12376
2025-01-10 17:00:00,1.43958,1.44251,1.43937,1.4423300000000001,10769
2025-01-10 18:00:00,1.44234,1.44427,1.4423300000000001,1.44368,8382
2025-01-10 19:00:00,1.44368,1.44425,1.44126,1.44151,6159
2025-01-10 20:00:00,1.44151,1.44293,1.4414500000000001,1.44245,4181
2025-01-10 21:00:00,1.44245,1.4435,1.44217,1.4426999999999999,4674
2025-01-10 22:00:00,1.44271,1.44372,1.44265,1.44286,3726
2025-01-10 23:00:00,1.44287,1.44312,1.44174,1.44188,1534
2025-01-13 00:00:00,1.44195,1.44224,1.44191,1.4421,778
2025-01-13 01:00:00,1.44201,1.44214,1.44102,1.4415200000000001,1626
2025-01-13 02:00:00,1.4415200000000001,1.44279,1.44146,1.44212,1494
2025-01-13 03:00:00,1.4421300000000001,1.44281,1.44183,1.44225,2808
2025-01-13 04:00:00,1.44224,1.44288,1.44166,1.4426,2074
2025-01-13 05:00:00,1.44263,1.44427,1.44252,1.4442300000000001,2408
2025-01-13 06:00:00,1.44422,1.44472,1.44374,1.44416,1773
2025-01-13 07:00:00,1.44416,1.44431,1.44332,1.44343,1552
2025-01-13 08:00:00,1.44343,1.44351,1.44296,1.4432800000000001,1817
2025-01-13 09:00:00,1.4433,1.44432,1.4428,1.44317,3656
2025-01-13 10:00:00,1.44318,1.44319,1.4418199999999999,1.4422,5845
2025-01-13 11:00:00,1.4421599999999999,1.44388,1.44141,1.44359,6405
2025-01-13 12:00:00,1.4436,1.4439,1.44287,1.44385,4007
2025-01-13 13:00:00,1.44386,1.444,1.44265,1.44305,3218
2025-01-13 14:00:00,1.44305,1.4433500000000001,1.44146,1.44161,4171
2025-01-13 15:00:00,1.44159,1.44201,1.43917,1.4408,6378
2025-01-13 16:00:00,1.44079,1.44251,1.44008,1.44031,8306
2025-01-13 17:00:00,1.44032,1.44231,1.43964,1.44203,7923
2025-01-13 18:00:00,1.44202,1.44273,1.44027,1.4411800000000001,6181
2025-01-13 19:00:00,1.44117,1.44191,1.44079,1.4408400000000001,4802
2025-01-13 20:00:00,1.44083,1.44193,1.44055,1.44068,3867
2025-01-13 21:00:00,1.44069,1.44138,1.4403299999999999,1.44117,3997
2025-01-13 22:00:00,1.44117,1.44122,1.43976,1.43985,2977
2025-01-13 23:00:00,1.43984,1.43995,1.43734,1.43765,1542
2025-01-14 00:00:00,1.43715,1.4371800000000001,1.43532,1.43543,855
2025-01-14 01:00:00,1.43556,1.43704,1.4341300000000001,1.43646,2801
2025-01-14 02:00:00,1.43646,1.43825,1.43631,1.43798,2311
2025-01-14 03:00:00,1.43799,1.43848,1.4374500000000001,1.4376,3429
2025-01-14 04:00:00,1.43759,1.43876,1.4375499999999999,1.4380899999999999,2481
2025-01-14 05:00:00,1.43812,1.43826,1.43731,1.43772,2017
2025-01-14 06:00:00,1.43771,1.43801,1.43703,1.43771,1352
2025-01-14 07:00:00,1.43772,1.43864,1.43759,1.43831,1658
2025-01-14 08:00:00,1.4383,1.4384000000000001,1.43768,1.4377499999999999,2728
2025-01-14 09:00:00,1.43776,1.43834,1.43711,1.43757,5122
2025-01-14 10:00:00,1.43753,1.43761,1.43578,1.43685,6300
2025-01-14 11:00:00,1.43686,1.43764,1.43666,1.4376,3832
2025-01-14 12:00:00,1.4376,1.43831,1.43741,1.4380899999999999,3068
2025-01-14 13:00:00,1.4381,1.43832,1.4377900000000001,1.43804,2601
2025-01-14 14:00:00,1.43804,1.4397,1.4378,1.43922,3730
2025-01-14 15:00:00,1.43923,1.43978,1.43641,1.4396,8725
2025-01-14 16:00:00,1.4396200000000001,1.44102,1.43841,1.43894,9978
2025-01-14 17:00:00,1.43891,1.43895,1.43506,1.4353799999999999,7900
2025-01-14 18:00:00,1.43539,1.43741,1.43506,1.43703,7051
2025-01-14 19:00:00,1.43702,1.4381,1.43669,1.43672,5669
2025-01-14 20:00:00,1.43673,1.43689,1.43529,1.43549,3619
2025-01-14 21:00:00,1.43549,1.43662,1.43522,1.43649,3317
2025-01-14 22:00:00,1.4365,1.43686,1.43558,1.43589,3890
2025-01-14 23:00:00,1.43588,1.43601,1.43459,1.4346999999999999,1241
2025-01-15 00:00:00,1.43455,1.43506,1.43455,1.43481,690
2025-01-15 01:00:00,1.43481,1.43536,1.43472,1.43516,742
2025-01-15 02:00:00,1.43518,1.43568,1.4350800000000001,1.4356,1411
2025-01-15 03:00:00,1.43561,1.43567,1.435,1.43554,1769
2025-01-15 04:00:00,1.43554,1.43598,1.4353799999999999,1.4356900000000001,2136
2025-01-15 05:00:00,1.4356900000000001,1.43582,1.43518,1.43524,712
2025-01-15 06:00:00,1.43525,1.43539,1.43495,1.43519,940
2025-01-15 07:00:00,1.4352,1.43627,1.43516,1.43624,1332
2025-01-15 08:00:00,1.43625,1.4364,1.43558,1.43595,1457
2025-01-15 09:00:00,1.43591,1.43612,1.43402,1.43421,3650
2025-01-15 10:00:00,1.43423,1.43529,1.4329,1.43527,4317
2025-01-15 11:00:00,1.43526,1.43527,1.43429,1.4346700000000001,3373
2025-01-15 12:00:00,1.4346700000000001,1.43497,1.43432,1.43438,2285
2025-01-15 13:00:00,1.43438,1.4346,1.43402,1.43445,2395
2025-01-15 14:00:00,1.43445,1.43669,1.4344000000000001,1.43571,2982
2025-01-15 15:00:00,1.43573,1.4359,1.4302000000000001,1.4308100000000001,9476
2025-01-15 16:00:00,1.43078,1.43335,1.43025,1.43296,8362
2025-01-15 17:00:00,1.43297,1.43471,1.43238,1.4340600000000001,9749
2025-01-15 18:00:00,1.4340600000000001,1.43579,1.4335499999999999,1.4341,7872
2025-01-15 19:00:00,1.43408,1.4341300000000001,1.43339,1.43371,4307
2025-01-15 20:00:00,1.43369,1.43403,1.43293,1.4331,3005
2025-01-15 21:00:00,1.4331,1.4335,1.43269,1.43285,2388
2025-01-15 22:00:00,1.4328400000000001,1.43317,1.4326699999999999,1.43281,2080
2025-01-15 23:00:00,1.43281,1.4341,1.43269,1.43377,921
2025-01-16 00:00:00,1.43312,1.4338600000000001,1.43214,1.43349,1250
2025-01-16 01:00:00,1.43349,1.43364,1.43239,1.43252,813
2025-01-16 02:00:00,1.43253,1.43366,1.43221,1.43248,2528
2025-01-16 03:00:00,1.43252,1.43421,1.43249,1.43415,3265
2025-01-16 04:00:00,1.4341599999999999,1.43522,1.434,1.43517,2320
2025-01-16 05:00:00,1.43518,1.43545,1.43502,1.43518,1241
2025-01-16 06:00:00,1.43519,1.4356900000000001,1.43479,1.43547,1198
2025-01-16 07:00:00,1.43547,1.43669,1.43542,1.43667,1527
2025-01-16 08:00:00,1.43666,1.43667,1.43566,1.43578,1995
2025-01-16 09:00:00,1.4358,1.4362,1.4352800000000001,1.43559,3626
2025-01-16 10:00:00,1.43558,1.43839,1.43537,1.43727,4234
2025-01-16 11:00:00,1.43727,1.4374500000000001,1.43655,1.43715,3180
2025-01-16 12:00:00,1.43716,1.43774,1.43697,1.4372,2456
2025-01-16 13:00:00,1.4372,1.43805,1.43685,1.43726,2526
2025-01-16 14:00:00,1.43724,1.43932,1.43723,1.438,3832
2025-01-16 15:00:00,1.438,1.43915,1.43747,1.43792,6453
2025-01-16 16:00:00,1.43793,1.43952,1.43788,1.43869,6624
2025-01-16 17:00:00,1.43869,1.43948,1.43726,1.43873,9737
2025-01-16 18:00:00,1.43872,1.44006,1.43794,1.43794,8740
2025-01-16 19:00:00,1.43795,1.43892,1.43673,1.43862,5857
2025-01-16 20:00:00,1.43862,1.4394,1.43825,1.43915,3283
2025-01-16 21:00:00,1.43916,1.43998,1.43864,1.43953,3337
2025-01-16 22:00:00,1.43954,1.4403000000000001,1.43917,1.43973,3036
2025-01-16 23:00:00,1.43974,1.43991,1.43895,1.43915,1178
2025-01-17 00:00:00,1.43878,1.4396499999999999,1.4386999999999999,1.43958,754
2025-01-17 01:00:00,1.43959,1.43986,1.43923,1.43947,555
2025-01-17 02:00:00,1.43948,1.4401,1.43945,1.4397199999999999,1048
2025-01-17 03:00:00,1.4397199999999999,1.44028,1.4395,1.43998,1893
2025-01-17 04:00:00,1.43998,1.44006,1.43943,1.44,1748
2025-01-17 05:00:00,1.44001,1.44004,1.43889,1.43947,968
2025-01-17 06:00:00,1.43946,1.44031,1.43932,1.44015,1086
2025-01-17 07:00:00,1.44015,1.44056,1.4399600000000001,1.44024,1067
2025-01-17 08:00:00,1.44024,1.4409399999999999,1.44024,1.4405999999999999,1193
2025-01-17 09:00:00,1.44059,1.44129,1.44039,1.44071,2601
2025-01-17 10:00:00,1.4407,1.44109,1.4402,1.44071,3347
2025-01-17 11:00:00,1.44071,1.44174,1.4402,1.44132,3323
2025-01-17 12:00:00,1.44131,1.44131,1.44062,1.44095,2146
2025-01-17 13:00:00,1.44103,1.4414500000000001,1.44078,1.44119,2314
2025-01-17 14:00:00,1.44119,1.44406,1.44085,1.4432,3141
2025-01-17 15:00:00,1.44319,1.44398,1.44242,1.44361,5430
2025-01-17 16:00:00,1.4436,1.44642,1.4409100000000001,1.44149,10454
2025-01-17 17:00:00,1.44149,1.44165,1.43822,1.44006,11121
2025-01-17 18:00:00,1.44007,1.44248,1.44005,1.4421599999999999,6021
2025-01-17 19:00:00,1.44217,1.44387,1.4417,1.44383,4079
2025-01-17 20:00:00,1.4438,1.44544,1.44376,1.44519,3590
2025-01-17 21:00:00,1.4452,1.44647,1.44465,1.44604,3412
2025-01-17 22:00:00,1.44604,1.44743,1.44601,1.44656,3590
2025-01-17 23:00:00,1.44663,1.44836,1.44663,1.44785,1610
2025-01-20 00:00:00,1.44615,1.4473,1.44611,1.44725,414
2025-01-20 01:00:00,1.44724,1.44839,1.4469400000000001,1.44705,1409
2025-01-20 02:00:00,1.44705,1.4473,1.44611,1.44612,1566
2025-01-20 03:00:00,1.4461300000000001,1.44689,1.44539,1.44554,2243
2025-01-20 04:00:00,1.44554,1.44578,1.44522,1.44524,1774
2025-01-20 05:00:00,1.44524,1.44537,1.4445299999999999,1.4445299999999999,1418
2025-01-20 06:00:00,1.4445299999999999,1.44497,1.44432,1.44485,1151
2025-01-20 07:00:00,1.44488,1.44517,1.44454,1.44499,1226
2025-01-20 08:00:00,1.44499,1.44563,1.44428,1.44481,1672
2025-01-20 09:00:00,1.44481,1.44568,1.44443,1.44456,2752
2025-01-20 10:00:00,1.44454,1.4463300000000001,1.4445000000000001,1.44628,3612
2025-01-20 11:00:00,1.44628,1.44783,1.44607,1.44774,3651
2025-01-20 12:00:00,1.44774,1.44774,1.44626,1.4469400000000001,3246
2025-01-20 13:00:00,1.4469400000000001,1.44706,1.44589,1.44623,2737
2025-01-20 14:00:00,1.44622,1.447,1.44531,1.44551,3172
2025-01-20 15:00:00,1.44556,1.44688,1.4311,1.4312,12348
2025-01-20 16:00:00,1.43122,1.43392,1.4261,1.42949,12761
2025-01-20 17:00:00,1.4295,1.43554,1.42727,1.43395,9348
2025-01-20 18:00:00,1.43396,1.43445,1.43146,1.4322,3883
2025-01-20 19:00:00,1.4322300000000001,1.4380600000000001,1.43133,1.43369,5329
2025-01-20 20:00:00,1.43368,1.43497,1.43263,1.43266,2331
2025-01-20 21:00:00,1.43265,1.4328400000000001,1.42916,1.4304299999999999,2227
2025-01-20 22:00:00,1.4304299999999999,1.43106,1.42827,1.43102,2344
2025-01-20 23:00:00,1.43102,1.43183,1.43073,1.4310800000000001,1560
2025-01-21 00:00:00,1.43056,1.43124,1.42988,1.43078,413
2025-01-21 01:00:00,1.43076,1.43126,1.4294799999999999,1.43027,2673
2025-01-21 02:00:00,1.43026,1.4515799999999999,1.4289,1.4457499999999999,8440
2025-01-21 03:00:00,1.4457499999999999,1.4493800000000001,1.43894,1.44404,11632
2025-01-21 04:00:00,1.444,1.44438,1.4409100000000001,1.44177,5566
2025-01-21 05:00:00,1.44178,1.44234,1.43934,1.44158,4901
2025-01-21 06:00:00,1.44154,1.44211,1.44047,1.44186,2726
2025-01-21 07:00:00,1.44183,1.44332,1.44112,1.4432800000000001,3000
2025-01-21 08:00:00,1.4433099999999999,1.44428,1.44279,1.44382,2743
2025-01-21 09:00:00,1.44386,1.4454500000000001,1.44307,1.44526,4207
2025-01-21 10:00:00,1.44528,1.4457499999999999,1.44246,1.44296,4391
2025-01-21 11:00:00,1.443,1.44378,1.44147,1.4424000000000001,4833
2025-01-21 12:00:00,1.44237,1.4441,1.4419,1.44366,4207
2025-01-21 13:00:00,1.44367,1.4447999999999999,1.44352,1.44464,3766
2025-01-21 14:00:00,1.44465,1.44563,1.4438,1.44421,5352
2025-01-21 15:00:00,1.4442,1.44498,1.4411800000000001,1.44475,7076
2025-01-21 16:00:00,1.44476,1.44494,1.44001,1.4415499999999999,10211
2025-01-21 17:00:00,1.44154,1.44154,1.43679,1.43783,10721
2025-01-21 18:00:00,1.4378199999999999,1.4378600000000001,1.43283,1.43293,7403
2025-01-21 19:00:00,1.43293,1.43356,1.43173,1.43346,5420
2025-01-21 20:00:00,1.43347,1.4338899999999999,1.43239,1.43316,3950
2025-01-21 21:00:00,1.43317,1.43392,1.43283,1.4334799999999999,3463
2025-01-21 22:00:00,1.43349,1.43441,1.43335,1.43378,2733
2025-01-21 23:00:00,1.43376,1.4338199999999999,1.43118,1.43183,2089
2025-01-22 00:00:00,1.43213,1.4324,1.43173,1.43237,465
2025-01-22 01:00:00,1.43228,1.43496,1.43222,1.4340899999999999,3633
2025-01-22 02:00:00,1.4341,1.4341,1.43166,1.43234,3229
2025-01-22 03:00:00,1.43235,1.43387,1.43235,1.43369,3316
2025-01-22 04:00:00,1.43369,1.4341,1.43276,1.43297,2508
2025-01-22 05:00:00,1.43296,1.43399,1.43277,1.4337900000000001,1757
2025-01-22 06:00:00,1.43378,1.43397,1.43304,1.43358,1244
2025-01-22 07:00:00,1.43358,1.43439,1.43347,1.43369,1598
2025-01-22 08:00:00,1.43369,1.4354,1.43351,1.43494,2233
2025-01-22 09:00:00,1.43492,1.43514,1.43316,1.4335200000000001,3947
2025-01-22 10:00:00,1.43351,1.43365,1.43213,1.43285,4936
2025-01-22 11:00:00,1.4328,1.43371,1.43252,1.43275,4134
2025-01-22 12:00:00,1.43274,1.43281,1.43052,1.4319600000000001,3803
2025-01-22 13:00:00,1.43198,1.43376,1.43008,1.43337,3331
2025-01-22 14:00:00,1.43336,1.43495,1.43282,1.43401,3504
2025-01-22 15:00:00,1.43401,1.43706,1.43322,1.43533,5954
2025-01-22 16:00:00,1.43534,1.43789,1.43524,1.43759,7737
2025-01-22 17:00:00,1.43759,1.43911,1.4374,1.4376,7356
2025-01-22 18:00:00,1.43761,1.43818,1.43582,1.43607,4326
2025-01-22 19:00:00,1.43608,1.43717,1.43608,1.43658,3400
2025-01-22 20:00:00,1.43658,1.43735,1.43532,1.43648,3655
2025-01-22 21:00:00,1.43649,1.43715,1.4363000000000001,1.43702,2519
2025-01-22 22:00:00,1.43702,1.43906,1.43644,1.43875,2973
2025-01-22 23:00:00,1.43878,1.43898,1.43763,1.43772,1131
2025-01-23 00:00:00,1.4372099999999999,1.43825,1.43696,1.43801,702
2025-01-23 01:00:00,1.43796,1.44031,1.43781,1.43954,1466
2025-01-23 02:00:00,1.43952,1.4396200000000001,1.4386700000000001,1.4387699999999999,2093
2025-01-23 03:00:00,1.43875,1.43964,1.43817,1.43943,3843
2025-01-23 04:00:00,1.43944,1.44041,1.4386,1.43887,2886
2025-01-23 05:00:00,1.43886,1.43934,1.43814,1.43918,2098
2025-01-23 06:00:00,1.43919,1.43919,1.4386700000000001,1.43883,1812
2025-01-23 07:00:00,1.43882,1.43948,1.43871,1.43929,2360
2025-01-23 08:00:00,1.43929,1.43946,1.43859,1.43945,2401
2025-01-23 09:00:00,1.43945,1.44021,1.43866,1.43888,4261
2025-01-23 10:00:00,1.43887,1.43997,1.43865,1.43948,3389
2025-01-23 11:00:00,1.43947,1.43947,1.43838,1.43895,3533
2025-01-23 12:00:00,1.43895,1.4394,1.43865,1.43926,2802
2025-01-23 13:00:00,1.43926,1.44018,1.43876,1.43958,2675
2025-01-23 14:00:00,1.43957,1.44108,1.43944,1.4399199999999999,3364
2025-01-23 15:00:00,1.43993,1.44133,1.43941,1.4404,5586
2025-01-23 16:00:00,1.44038,1.44039,1.43713,1.4380899999999999,6219
2025-01-23 17:00:00,1.43804,1.43902,1.43699,1.43795,7799
2025-01-23 18:00:00,1.43796,1.44025,1.43484,1.43607,11768
2025-01-23 19:00:00,1.43606,1.43648,1.4334,1.4338899999999999,5734
2025-01-23 20:00:00,1.4339,1.4359600000000001,1.43387,1.43556,3742
2025-01-23 21:00:00,1.43557,1.43622,1.4348,1.43615,2980
2025-01-23 22:00:00,1.43616,1.43805,1.43551,1.4374500000000001,3824
2025-01-23 23:00:00,1.43747,1.43834,1.43697,1.43828,1431
2025-01-24 00:00:00,1.4381,1.43815,1.43789,1.43807,228
2025-01-24 01:00:00,1.4380600000000001,1.43811,1.43753,1.43776,785
2025-01-24 02:00:00,1.43776,1.43804,1.43724,1.43756,1344
2025-01-24 03:00:00,1.43756,1.43837,1.43747,1.4375200000000001,1996
2025-01-24 04:00:00,1.43751,1.43751,1.43259,1.4329,4480
2025-01-24 05:00:00,1.43289,1.4344700000000001,1.43207,1.43341,3774
2025-01-24 06:00:00,1.43341,1.43437,1.4328400000000001,1.4340600000000001,2468
2025-01-24 07:00:00,1.43407,1.43419,1.4331,1.4331,2726
2025-01-24 08:00:00,1.4331,1.43337,1.43208,1.43302,4070
2025-01-24 09:00:00,1.43303,1.43487,1.43302,1.43438,5348
2025-01-24 10:00:00,1.43438,1.4347400000000001,1.4325,1.4329100000000001,6757
2025-01-24 11:00:00,1.4329,1.43388,1.43144,1.4325,6171
2025-01-24 12:00:00,1.43251,1.43306,1.43195,1.4327,3565
2025-01-24 13:00:00,1.43272,1.43381,1.43225,1.43343,3454
2025-01-24 14:00:00,1.43344,1.43496,1.43344,1.43423,3547
2025-01-24 15:00:00,1.43422,1.43429,1.43225,1.4324,5464
2025-01-24 16:00:00,1.43238,1.43417,1.4316900000000001,1.43366,7573
2025-01-24 17:00:00,1.43372,1.43408,1.4319600000000001,1.43276,9198
2025-01-24 18:00:00,1.43276,1.4341599999999999,1.43245,1.43324,6718
2025-01-24 19:00:00,1.43324,1.43376,1.4327,1.43372,4529
2025-01-24 20:00:00,1.43372,1.43433,1.43341,1.43415,3832
2025-01-24 21:00:00,1.43415,1.4346999999999999,1.43397,1.43425,2628
2025-01-24 22:00:00,1.43426,1.43494,1.43384,1.43466,2627
2025-01-24 23:00:00,1.43469,1.4346999999999999,1.43356,1.43432,1316
2025-01-27 00:00:00,1.43639,1.4371800000000001,1.4362599999999999,1.4371800000000001,600
2025-01-27 01:00:00,1.4372,1.43873,1.43695,1.43861,2143
2025-01-27 02:00:00,1.43862,1.43865,1.43709,1.4375,2352
2025-01-27 03:00:00,1.4375200000000001,1.43869,1.43651,1.43836,4239
2025-01-27 04:00:00,1.43842,1.44014,1.43842,1.4387699999999999,3594
2025-01-27 05:00:00,1.4388,1.43913,1.43662,1.43773,2848
2025-01-27 06:00:00,1.43772,1.439,1.4374,1.4381300000000001,2105
2025-01-27 07:00:00,1.4381300000000001,1.43911,1.4381300000000001,1.4384299999999999,3020
2025-01-27 08:00:00,1.43841,1.43933,1.43787,1.438,3117
2025-01-27 09:00:00,1.43796,1.44002,1.43796,1.4399899999999999,5088
2025-01-27 10:00:00,1.44,1.44001,1.43773,1.43784,6607
2025-01-27 11:00:00,1.43784,1.43814,1.43649,1.43685,7016
2025-01-27 12:00:00,1.4368400000000001,1.43685,1.43472,1.43571,7032
2025-01-27 13:00:00,1.4357,1.43683,1.43486,1.43609,6870
2025-01-27 14:00:00,1.43605,1.43699,1.43331,1.43412,6598
2025-01-27 15:00:00,1.43411,1.43602,1.43339,1.43576,8236
2025-01-27 16:00:00,1.43575,1.43893,1.4356,1.43787,8803
2025-01-27 17:00:00,1.43789,1.43954,1.43783,1.4384000000000001,8231
2025-01-27 18:00:00,1.4384000000000001,1.43955,1.43799,1.43903,7454
2025-01-27 19:00:00,1.43902,1.43983,1.43861,1.43981,5462
2025-01-27 20:00:00,1.43984,1.44013,1.4381,1.43855,5538
2025-01-27 21:00:00,1.43854,1.43875,1.43754,1.43771,4756
2025-01-27 22:00:00,1.43771,1.43844,1.43713,1.4372500000000001,4600
2025-01-27 23:00:00,1.43726,1.43765,1.43664,1.43715,1848
2025-01-28 00:00:00,1.4371399999999999,1.43735,1.43676,1.43698,327
2025-01-28 01:00:00,1.43699,1.44141,1.43666,1.4405299999999999,7676
2025-01-28 02:00:00,1.44054,1.44073,1.43879,1.43912,4120
2025-01-28 03:00:00,1.43921,1.44034,1.43808,1.43963,4184
2025-01-28 04:00:00,1.4396900000000001,1.4405299999999999,1.43876,1.4393099999999999,5381
2025-01-28 05:00:00,1.43933,1.44005,1.43913,1.4399199999999999,2391
2025-01-28 06:00:00,1.43993,1.44045,1.43945,1.43952,1685
2025-01-28 07:00:00,1.43951,1.43998,1.4392,1.43983,1324
2025-01-28 08:00:00,1.43983,1.44034,1.43929,1.4399899999999999,1930
2025-01-28 09:00:00,1.44003,1.4405299999999999,1.43923,1.44038,4190
2025-01-28 10:00:00,1.44039,1.44124,1.44016,1.44049,5832
2025-01-28 11:00:00,1.44045,1.44048,1.43886,1.43974,5068
2025-01-28 12:00:00,1.43975,1.4412099999999999,1.43939,1.4411800000000001,3650
2025-01-28 13:00:00,1.44119,1.44166,1.44074,1.4415499999999999,3116
2025-01-28 14:00:00,1.44156,1.44201,1.44102,1.44162,4007
2025-01-28 15:00:00,1.44163,1.4417499999999999,1.43956,1.4402,5400
2025-01-28 16:00:00,1.4402,1.4402,1.43686,1.43821,7866
2025-01-28 17:00:00,1.43821,1.4393500000000001,1.43771,1.43922,7289
2025-01-28 18:00:00,1.43922,1.44005,1.43838,1.43919,5745
2025-01-28 19:00:00,1.4392,1.43983,1.43854,1.43971,3624
2025-01-28 20:00:00,1.4397,1.44077,1.4384299999999999,1.44001,4501
2025-01-28 21:00:00,1.44002,1.4413,1.4393500000000001,1.43948,3546
2025-01-28 22:00:00,1.43949,1.4401,1.43932,1.43968,3251
2025-01-28 23:00:00,1.43968,1.44013,1.43937,1.43997,1119
2025-01-29 00:00:00,1.43946,1.43988,1.4390399999999999,1.43978,3041
2025-01-29 01:00:00,1.4397,1.4402599999999999,1.43964,1.44025,1277
2025-01-29 02:00:00,1.44025,1.44093,1.4396900000000001,1.44045,2014
2025-01-29 03:00:00,1.44045,1.44059,1.44008,1.4402599999999999,1723
2025-01-29 04:00:00,1.4402599999999999,1.44031,1.43943,1.4398,1944
2025-01-29 05:00:00,1.4398,1.44031,1.43956,1.43961,1719
2025-01-29 06:00:00,1.43961,1.43979,1.43917,1.43967,1409
2025-01-29 07:00:00,1.43968,1.44001,1.43918,1.43976,1612
2025-01-29 08:00:00,1.43973,1.43995,1.4393,1.43988,2205
2025-01-29 09:00:00,1.4399,1.44151,1.43982,1.44135,3497
2025-01-29 10:00:00,1.44134,1.44197,1.44079,1.44192,4502
2025-01-29 11:00:00,1.44194,1.44334,1.44188,1.44295,4374
2025-01-29 12:00:00,1.44295,1.44332,1.4423300000000001,1.44287,3330
2025-01-29 13:00:00,1.44286,1.44317,1.44181,1.4427400000000001,2957
2025-01-29 14:00:00,1.44275,1.44403,1.44241,1.44336,4209
2025-01-29 15:00:00,1.44336,1.44702,1.4432,1.44644,6167
2025-01-29 16:00:00,1.44645,1.44716,1.4421300000000001,1.44404,7612
2025-01-29 17:00:00,1.44401,1.44625,1.44326,1.44431,8175
2025-01-29 18:00:00,1.4443,1.44583,1.44292,1.44329,8445
2025-01-29 19:00:00,1.44325,1.4433,1.44027,1.44214,6744
2025-01-29 20:00:00,1.44214,1.4429699999999999,1.44191,1.44261,3605
2025-01-29 21:00:00,1.44261,1.44458,1.44086,1.4420600000000001,13282
2025-01-29 22:00:00,1.44204,1.44298,1.44101,1.44265,7572
2025-01-29 23:00:00,1.44268,1.44284,1.4417,1.44188,2096
2025-01-30 00:00:00,1.4415499999999999,1.44201,1.44116,1.44188,427
2025-01-30 01:00:00,1.4418,1.44202,1.43921,1.43967,2281
2025-01-30 02:00:00,1.43968,1.44104,1.43967,1.44062,2292
2025-01-30 03:00:00,1.44062,1.44165,1.44062,1.44136,2720
2025-01-30 04:00:00,1.44138,1.44189,1.44075,1.44178,2632
2025-01-30 05:00:00,1.44177,1.44197,1.44131,1.44176,2522
2025-01-30 06:00:00,1.44176,1.44232,1.44144,1.44202,1495
2025-01-30 07:00:00,1.44202,1.44248,1.442,1.44239,1342
2025-01-30 08:00:00,1.4424000000000001,1.44323,1.44228,1.44291,1771
2025-01-30 09:00:00,1.4429,1.44359,1.44153,1.44176,3175
2025-01-30 10:00:00,1.44168,1.44189,1.44066,1.44077,3650
2025-01-30 11:00:00,1.44076,1.44165,1.44024,1.441,4140
2025-01-30 12:00:00,1.44101,1.44151,1.44046,1.44119,3516
2025-01-30 13:00:00,1.44119,1.4415200000000001,1.44073,1.44135,2642
2025-01-30 14:00:00,1.44136,1.44196,1.44065,1.44131,3940
2025-01-30 15:00:00,1.4413,1.44232,1.44058,1.44089,8123
2025-01-30 16:00:00,1.4409100000000001,1.4420899999999999,1.44037,1.44154,8740
2025-01-30 17:00:00,1.44154,1.4416,1.43995,1.4409,6980
2025-01-30 18:00:00,1.44088,1.4415200000000001,1.44045,1.44135,5184
2025-01-30 19:00:00,1.44134,1.44224,1.4412099999999999,1.44146,3650
2025-01-30 20:00:00,1.44147,1.44159,1.43998,1.44009,2595
2025-01-30 21:00:00,1.4401,1.44146,1.44001,1.44134,2609
2025-01-30 22:00:00,1.44134,1.45943,1.44116,1.4485999999999999,10936
2025-01-30 23:00:00,1.44863,1.45121,1.44724,1.44912,5917
2025-01-31 00:00:00,1.44845,1.45015,1.44841,1.44879,1303
2025-01-31 01:00:00,1.44867,1.45088,1.44778,1.44928,3231
2025-01-31 02:00:00,1.44928,1.44995,1.44829,1.4497200000000001,2435
2025-01-31 03:00:00,1.44973,1.45007,1.44794,1.44834,3932
2025-01-31 04:00:00,1.44833,1.44896,1.44721,1.44781,2611
2025-01-31 05:00:00,1.44782,1.44855,1.4473799999999999,1.44834,1831
2025-01-31 06:00:00,1.44833,1.4487999999999999,1.44779,1.448,2066
2025-01-31 07:00:00,1.44801,1.44838,1.44748,1.44775,2481
2025-01-31 08:00:00,1.44776,1.44807,1.44623,1.44635,2136
2025-01-31 09:00:00,1.4463599999999999,1.44652,1.44309,1.44382,5119
2025-01-31 10:00:00,1.44382,1.44703,1.44368,1.44689,4872
2025-01-31 11:00:00,1.44703,1.44913,1.44692,1.44783,6179
2025-01-31 12:00:00,1.44783,1.4491,1.4476200000000001,1.44868,4199
2025-01-31 13:00:00,1.44869,1.44973,1.4485999999999999,1.44864,3516
2025-01-31 14:00:00,1.44864,1.44864,1.44756,1.44814,3887
2025-01-31 15:00:00,1.44817,1.4491399999999999,1.44618,1.4487700000000001,7475
2025-01-31 16:00:00,1.44876,1.4551,1.4485999999999999,1.45182,10009
2025-01-31 17:00:00,1.45184,1.45291,1.44658,1.4481899999999999,11103
2025-01-31 18:00:00,1.4481899999999999,1.44904,1.4452099999999999,1.44612,6192
2025-01-31 19:00:00,1.44612,1.44846,1.43696,1.44002,13777
2025-01-31 20:00:00,1.44,1.45221,1.43903,1.45056,13720
2025-01-31 21:00:00,1.45058,1.4527700000000001,1.45032,1.45103,9030
2025-01-31 22:00:00,1.45103,1.4558499999999999,1.4494799999999999,1.45366,9138
2025-01-31 23:00:00,1.45362,1.4552100000000001,1.4509,1.45298,7312
